{"cameraMode":{"drawMode":0,"name":"Shaded","section":"Shading Mode"},"sceneLighting":false,"audioPlay":false,"sceneViewState":{"m_AlwaysRefresh":false,"showFog":true,"showSkybox":false,"showFlares":true,"showImageEffects":true,"showParticleSystems":true,"showVisualEffectGraphs":true,"m_FxEnabled":true},"in2DMode":false,"pivot":{"x":-0.006827890872955322,"y":-0.9803321957588196,"z":-0.0713762640953064},"rotation":{"x":-0.3007330894470215,"y":-0.1474328339099884,"z":0.04711470380425453,"w":-0.9410650730133057},"size":0.9451476335525513,"orthographic":false}